_unit_id,_created_at,_id,_started_at,_tainted,_channel,_trust,_worker_id,_country,_region,_city,_ip,contributors_browser,ent1_holder,ent2_holder,ent3_holder,ent4_holder,ent5_holder,ent6_holder,ent7_holder,utt_holder,utter_entity_1,utter_entity_2,utter_entity_3,utter_entity_4,utter_entity_5,utter_entity_6,utter_entity_7,utterance,contributors_browser_gold,ent1_holder_gold,ent2_holder_gold,ent3_holder_gold,ent4_holder_gold,ent5_holder_gold,ent6_holder_gold,ent7_holder_gold,entity_1,entity_2,entity_3,entity_4,entity_5,entity_6,intents,utt_holder_gold,utter_entity_1_gold,utter_entity_2_gold,utter_entity_3_gold,utter_entity_4_gold,utter_entity_5_gold,utter_entity_6_gold,utter_entity_7_gold,utterance_gold
2648808467,2/12/2020 15:51,5464418230,2/12/2020 15:41,FALSE,neodev,1,45215691,VEN,13,Barquisimeto,190.200.145.229,Mozilla/5.0 (Windows NT 10.0; Win64; x64; rv:73.0) Gecko/20100101 Firefox/73.0,,,,,,,,,Randall,15-Mar,3pm,30 minutes,Principal Office,,,Make an appointment for an 30 minutes interview with Randall for march 15 at 3pm in the principal office,,,,,,,,,Name of person being interviewed,Date of Interview,Time of Interview,"Duration of Interview (1 hour, 30 minutes)",Location of Interview,,Schedule an interview with someone,,,,,,,,,
2648808467,2/12/2020 15:53,5464420341,2/12/2020 15:44,FALSE,clixsense,1,45056272,UKR,12,Kiev,82.193.103.172,"Mozilla/5.0 (Windows NT 10.0; Win64; x64) AppleWebKit/537.36 (KHTML, like Gecko) Chrome/79.0.3945.130 Safari/537.36 OPR/66.0.3515.72",,,,,,,,,Ivan Fenix,12 of March,15:00,30 minutes,NY,,,"Schedule an interview with Ivan Fenix on 12 of March 15:00 for 30 minutes, which will be in NY office.",,,,,,,,,Name of person being interviewed,Date of Interview,Time of Interview,"Duration of Interview (1 hour, 30 minutes)",Location of Interview,,Schedule an interview with someone,,,,,,,,,
2648808467,2/12/2020 15:55,5464422379,2/12/2020 15:41,FALSE,neodev,1,45400803,VEN,2,Bergantín,190.207.85.67,"Mozilla/5.0 (X11; Linux x86_64) AppleWebKit/537.36 (KHTML, like Gecko) Chrome/80.0.3987.87 Safari/537.36",,,,,,,,,Albert,February the third,3:00 PM,1 hour,HR office,,,Appoint a 1 hour interview with Albert on date February the third at 3 PM on the HR office.,,,,,,,,,Name of person being interviewed,Date of Interview,Time of Interview,"Duration of Interview (1 hour, 30 minutes)",Location of Interview,,Schedule an interview with someone,,,,,,,,,
2648808467,2/12/2020 16:47,5464537397,2/12/2020 16:18,FALSE,feca,1,45180756,VEN,17,Altagracia,201.209.157.27,"Mozilla/5.0 (Windows NT 10.0) AppleWebKit/537.36 (KHTML, like Gecko) Chrome/80.0.3987.87 Safari/537.36",,,,,,,,,Peter,20-Jan,Monday,30 minutes,Skype,,,"Please, schedule the Peter's interview to January 20, Monday. It will last 30 minutes, I need to talk to him via Skype.",,,,,,,,,Name of person being interviewed,Date of Interview,Time of Interview,"Duration of Interview (1 hour, 30 minutes)",Location of Interview,,Schedule an interview with someone,,,,,,,,,
2648808467,2/12/2020 17:25,5464610683,2/12/2020 17:11,FALSE,neodev,1,45508191,VEN,19,Altagracia,190.201.105.252,"Mozilla/5.0 (Windows NT 6.1) AppleWebKit/537.36 (KHTML, like Gecko) Chrome/79.0.3945.130 Safari/537.36",,,,,,,,,juan,4/1/2020,friday,1 hour,park,,,schedule an interview with juan for friday 04/01/2020 in the park taht lasts 1 hour,,,,,,,,,Name of person being interviewed,Date of Interview,Time of Interview,"Duration of Interview (1 hour, 30 minutes)",Location of Interview,,Schedule an interview with someone,,,,,,,,,
2648808467,2/12/2020 17:33,5464623568,2/12/2020 17:29,FALSE,neodev,1,45567834,PAK,4,Faisalabad,39.53.223.16,Mozilla/5.0 (Windows NT 6.3; Win64; x64; rv:73.0) Gecko/20100101 Firefox/73.0,,,,,,,,,Tony,3/12/2020,3:00 PM,45 minutes,Silicon Valley,,,Could you please have an interview scheduled with Tony on 3/12/2020 at 3 pm for 45 minutes at my Silicon valley's office?,,,,,,,,,Name of person being interviewed,Date of Interview,Time of Interview,"Duration of Interview (1 hour, 30 minutes)",Location of Interview,,Schedule an interview with someone,,,,,,,,,
2648808467,2/12/2020 17:36,5464630246,2/12/2020 17:15,FALSE,feca,1,45172210,HRV,21,Zagreb,89.172.74.91,"Mozilla/5.0 (Windows NT 6.3; Win64; x64) AppleWebKit/537.36 (KHTML, like Gecko) Chrome/79.0.3945.130 Safari/537.36",,,,,,,,,Mary,february 10th,9am,2hours,moscow,,,schedule an interview with mary in moscow on february 10th in 9am for 2hours.,,,,,,,,,Name of person being interviewed,Date of Interview,Time of Interview,"Duration of Interview (1 hour, 30 minutes)",Location of Interview,,Schedule an interview with someone,,,,,,,,,
2648808467,2/12/2020 17:51,5464660551,2/12/2020 17:42,FALSE,neodev,1,43692556,VEN,17,Altagracia,186.93.69.112,"Mozilla/5.0 (Windows NT 10.0; Win64; x64) AppleWebKit/537.36 (KHTML, like Gecko) Chrome/80.0.3987.100 Safari/537.36",,,,,,,,,Daniel,27-Jan,3pm,1 hour,Boston,,,Schedule a 1 hour interview with Daniel on january 27 at 3pm in Boston,,,,,,,,,Name of person being interviewed,Date of Interview,Time of Interview,"Duration of Interview (1 hour, 30 minutes)",Location of Interview,,Schedule an interview with someone,,,,,,,,,
2648808467,2/12/2020 17:55,5464668831,2/12/2020 17:49,FALSE,feca,1,45489600,USA,NY,New York,107.170.145.187,"Mozilla/5.0 (Windows NT 10.0; Win64; x64) AppleWebKit/537.36 (KHTML, like Gecko) Chrome/79.0.3945.130 Safari/537.36",,,,,,,,,andrea,12-Nov,7:00 AM,12 minutes,medellin,,,andrea your intervie weill be on nov 12 at 7 am in medellin with a duration of 12 minutes,,,,,,,,,Name of person being interviewed,Date of Interview,Time of Interview,"Duration of Interview (1 hour, 30 minutes)",Location of Interview,,Schedule an interview with someone,,,,,,,,,
2648808467,2/12/2020 18:00,5464679589,2/12/2020 17:37,FALSE,feca,1,45181447,VEN,4,Turmero,201.242.32.40,"Mozilla/5.0 (Windows NT 10.0; Win64; x64) AppleWebKit/537.36 (KHTML, like Gecko) Chrome/80.0.3987.100 Safari/537.36",,,,,,,,,Jason Ocktard,1-Jun,Ten o'clock,2 hours,Central Park,,,Schedule interview with jason ocktard on 1 june at ten o'clock it will last 2 hours and will be on central park,,,,,,,,,Name of person being interviewed,Date of Interview,Time of Interview,"Duration of Interview (1 hour, 30 minutes)",Location of Interview,,Schedule an interview with someone,,,,,,,,,
2648808467,2/12/2020 18:19,5464724499,2/12/2020 18:07,FALSE,neodev,1,44095272,VEN,25,Caracas,201.243.235.233,"Mozilla/5.0 (Windows NT 6.1) AppleWebKit/537.36 (KHTML, like Gecko) Chrome/73.0.3683.86 Safari/537.36",,,,,,,,,Doris Day,august 20th,3:00 PM,30 minutes,"wallmar, suite 300",,,"I need to schedule an interview with Doris Day, on august 20th, at 3 pm, with a duraction of 30 minutes in Wallmar, suite 300",,,,,,,,,Name of person being interviewed,Date of Interview,Time of Interview,"Duration of Interview (1 hour, 30 minutes)",Location of Interview,,Schedule an interview with someone,,,,,,,,,
2648808467,2/12/2020 18:30,5464745706,2/12/2020 18:11,FALSE,clixsense,1,38880452,MKD,41,Skopje,89.205.125.193,"Mozilla/5.0 (Windows NT 10.0; Win64; x64) AppleWebKit/537.36 (KHTML, like Gecko) Chrome/80.0.3987.100 Safari/537.36",,,,,,,,,Sofija,10th of February,10:00,half an hour,Skopje,,,I would like to meet Sofija on the 10th of February at 10:00 in Skopje for an interview that would last for half an hour.,,,,,,,,,Name of person being interviewed,Date of Interview,Time of Interview,"Duration of Interview (1 hour, 30 minutes)",Location of Interview,,Schedule an interview with someone,,,,,,,,,
2648808467,2/13/2020 5:53,5465770824,2/13/2020 5:44,FALSE,neodev,1,32671231,ROU,30,Ploiesti,86.122.82.51,Mozilla/5.0 (Windows NT 10.0; Win64; x64; rv:73.0) Gecko/20100101 Firefox/73.0,,,,,,,,,Joanie,14 of April,14:30,30 minutes,Trump room,,,"Please have Joanie's interview scheduled for 30 minutes on the 14 of April, in the Trump room starting with 14:30.",,,,,,,,,Name of person being interviewed,Date of Interview,Time of Interview,"Duration of Interview (1 hour, 30 minutes)",Location of Interview,,Schedule an interview with someone,,,,,,,,,
2648808468,2/12/2020 15:51,5464418232,2/12/2020 15:41,FALSE,neodev,1,45215691,VEN,13,Barquisimeto,190.200.145.229,Mozilla/5.0 (Windows NT 10.0; Win64; x64; rv:73.0) Gecko/20100101 Firefox/73.0,,,,,,,,,Wendy,10-Dec,,,,,,I need to retrieve the feedback for the interview with Wendy on december 10,,,,,,,,,Name of person being interviewed,Date of Interview,,,,,Retrieve Interviewer's Feedback,,,,,,,,,
2648808468,2/12/2020 15:53,5464420348,2/12/2020 15:44,FALSE,clixsense,1,45056272,UKR,12,Kiev,82.193.103.172,"Mozilla/5.0 (Windows NT 10.0; Win64; x64) AppleWebKit/537.36 (KHTML, like Gecko) Chrome/79.0.3945.130 Safari/537.36 OPR/66.0.3515.72",,,,,,,,,Serg Romanov,12 of January,,,,,,Retrieve Interviewer's Feedback of Serg Romanov which has been 12 of January.,,,,,,,,,Name of person being interviewed,Date of Interview,,,,,Retrieve Interviewer's Feedback,,,,,,,,,
2648808468,2/12/2020 15:55,5464422385,2/12/2020 15:41,FALSE,neodev,1,45400803,VEN,2,Bergantín,190.207.85.67,"Mozilla/5.0 (X11; Linux x86_64) AppleWebKit/537.36 (KHTML, like Gecko) Chrome/80.0.3987.87 Safari/537.36",,,,,,,,,Carla,23-Feb,,,,,,Give me information about Carla's interview done on February 23.,,,,,,,,,Name of person being interviewed,Date of Interview,,,,,Retrieve Interviewer's Feedback,,,,,,,,,
2648808468,2/12/2020 16:39,5464515242,2/12/2020 16:23,FALSE,neodev,1,44475911,VEN,17,Porlamar,200.82.203.179,"Mozilla/5.0 (Windows NT 6.3; Win64; x64) AppleWebKit/537.36 (KHTML, like Gecko) Chrome/79.0.3945.130 Safari/537.36",,,,,,,,,Daniel,1/1/2020,,,,,,I need the all the information that you got of the Daniel interview that was made 01/01/2020 at 13:00,,,,,,,,,Name of person being interviewed,Date of Interview,,,,,Retrieve Interviewer's Feedback,,,,,,,,,
2648808468,2/12/2020 16:47,5464537056,2/12/2020 16:34,FALSE,feca,1,45161881,COL,34,Bogota,179.51.101.6,"Mozilla/5.0 (Windows NT 10.0; Win64; x64) AppleWebKit/537.36 (KHTML, like Gecko) Chrome/79.0.3945.130 Safari/537.36",,,,,,,,,henry,20-Jan,,,,,,henry what do you have to say about the interview on jan 20,,,,,,,,,Name of person being interviewed,Date of Interview,,,,,Retrieve Interviewer's Feedback,,,,,,,,,
2648808468,2/12/2020 16:47,5464537395,2/12/2020 16:18,FALSE,feca,1,45180756,VEN,17,Altagracia,201.209.157.27,"Mozilla/5.0 (Windows NT 10.0) AppleWebKit/537.36 (KHTML, like Gecko) Chrome/80.0.3987.87 Safari/537.36",,,,,,,,,Freddie,26-Jan,,,,,,I want to know how was the feedback on January 26 on Freddie's interview.,,,,,,,,,Name of person being interviewed,Date of Interview,,,,,Retrieve Interviewer's Feedback,,,,,,,,,
2648808468,2/12/2020 16:50,5464542451,2/12/2020 16:47,FALSE,feca,1,45358800,USA,NJ,Clifton,104.131.66.8,"Mozilla/5.0 (Windows NT 10.0; Win64; x64) AppleWebKit/537.36 (KHTML, like Gecko) Chrome/79.0.3945.130 Safari/537.36",,,,,,,,,hector,4-Jul,,,,,,hector your interview will be on july 4,,,,,,,,,Name of person being interviewed,Date of Interview,,,,,Retrieve Interviewer's Feedback,,,,,,,,,
2648808468,2/12/2020 17:25,5464610680,2/12/2020 17:11,FALSE,neodev,1,45508191,VEN,19,Altagracia,190.201.105.252,"Mozilla/5.0 (Windows NT 6.1) AppleWebKit/537.36 (KHTML, like Gecko) Chrome/79.0.3945.130 Safari/537.36",,,,,,,,,pedro,1/2/2020,,,,,,recover me the interviewr's comments made to pedro on 01/02/2020,,,,,,,,,Name of person being interviewed,Date of Interview,,,,,Retrieve Interviewer's Feedback,,,,,,,,,
2648808468,2/12/2020 17:36,5464630240,2/12/2020 17:15,FALSE,feca,1,45172210,HRV,21,Zagreb,89.172.74.91,"Mozilla/5.0 (Windows NT 6.3; Win64; x64) AppleWebKit/537.36 (KHTML, like Gecko) Chrome/79.0.3945.130 Safari/537.36",,,,,,,,,manuel,january 10th,,,,,,what is the feedback from manuel interview on january 10th.,,,,,,,,,Name of person being interviewed,Date of Interview,,,,,Retrieve Interviewer's Feedback,,,,,,,,,
2648808468,2/12/2020 17:46,5464649367,2/12/2020 17:36,FALSE,neodev,1,44095272,VEN,25,Caracas,201.243.235.233,"Mozilla/5.0 (Windows NT 6.1) AppleWebKit/537.36 (KHTML, like Gecko) Chrome/73.0.3683.86 Safari/537.36",,,,,,,,,Peggy White,june 2nd,,,,,,We need the feedback of the interview done onjune 2nd of Peggy White,,,,,,,,,Name of person being interviewed,Date of Interview,,,,,Retrieve Interviewer's Feedback,,,,,,,,,
2648808468,2/12/2020 17:55,5464668841,2/12/2020 17:49,FALSE,feca,1,45489600,USA,NY,New York,107.170.145.187,"Mozilla/5.0 (Windows NT 10.0; Win64; x64) AppleWebKit/537.36 (KHTML, like Gecko) Chrome/79.0.3945.130 Safari/537.36",,,,,,,,,petra,11-Sep,,,,,,petra your interview date will be on sep 11,,,,,,,,,Name of person being interviewed,Date of Interview,,,,,Retrieve Interviewer's Feedback,,,,,,,,,
2648808468,2/12/2020 18:00,5464679573,2/12/2020 17:37,FALSE,feca,1,45181447,VEN,4,Turmero,201.242.32.40,"Mozilla/5.0 (Windows NT 10.0; Win64; x64) AppleWebKit/537.36 (KHTML, like Gecko) Chrome/80.0.3987.100 Safari/537.36",,,,,,,,,Jason Peter,24-Mar,,,,,,Can you retrieve interview to jason peter on 24 march,,,,,,,,,Name of person being interviewed,Date of Interview,,,,,Retrieve Interviewer's Feedback,,,,,,,,,
2648808468,2/12/2020 18:32,5464751183,2/12/2020 18:30,FALSE,clixsense,1,38880452,MKD,41,Skopje,89.205.125.193,"Mozilla/5.0 (Windows NT 10.0; Win64; x64) AppleWebKit/537.36 (KHTML, like Gecko) Chrome/80.0.3987.100 Safari/537.36",,,,,,,,,Nebojsha,12th of December,,,,,,We need to retrieve Nebojsha's feedback for the interview dated the 12th of December.,,,,,,,,,Name of person being interviewed,Date of Interview,,,,,Retrieve Interviewer's Feedback,,,,,,,,,
2648808468,2/13/2020 5:53,5465770821,2/13/2020 5:44,FALSE,neodev,1,32671231,ROU,30,Ploiesti,86.122.82.51,Mozilla/5.0 (Windows NT 10.0; Win64; x64; rv:73.0) Gecko/20100101 Firefox/73.0,,,,,,,,,Jack,23 of June,,,,,,Would like to have the feedback of the Interviewer for Jack's job interview on the 23 of June.,,,,,,,,,Name of person being interviewed,Date of Interview,,,,,Retrieve Interviewer's Feedback,,,,,,,,,
2648808469,2/12/2020 14:46,5464311556,2/12/2020 14:40,FALSE,clixsense,1,17327401,BIH,1,Sarajevo,92.36.150.225,"Mozilla/5.0 (Windows NT 5.1) AppleWebKit/537.36 (KHTML, like Gecko) Chrome/49.0.2623.112 Safari/537.36",,,,,,,,,Samir Smith,2/2/2020,Good,Hire,,,,The best candidate on interview.,,,,,,,,,Name of person being interviewed,Date of Interview,Feedback,Decision (Hire or No Hire),,,Submit Interview Feedback,,,,,,,,,
2648808469,2/12/2020 14:59,5464333348,2/12/2020 14:48,FALSE,neodev,1,45215691,VEN,13,Barquisimeto,190.200.145.229,Mozilla/5.0 (Windows NT 10.0; Win64; x64; rv:73.0) Gecko/20100101 Firefox/73.0,,,,,,,,,John,15-Jul,Good,Hire,,,,"Please submit my feedback to John for the interview of july 15 ""Good decision to hire him""",,,,,,,,,Name of person being interviewed,Date of Interview,Feedback,Decision (Hire or No Hire),,,Submit Interview Feedback,,,,,,,,,
2648808469,2/12/2020 15:44,5464407663,2/12/2020 15:26,FALSE,clixsense,1,45056272,UKR,12,Kiev,82.193.103.172,"Mozilla/5.0 (Windows NT 10.0; Win64; x64) AppleWebKit/537.36 (KHTML, like Gecko) Chrome/79.0.3945.130 Safari/537.36 OPR/66.0.3515.72",,,,,,,,,John Malcovich,12 of April,good candidate,hire,,,,I had an interview of John Malcovich 12 of April - he is good candidate to hire,,,,,,,,,Name of person being interviewed,Date of Interview,Feedback,Decision (Hire or No Hire),,,Submit Interview Feedback,,,,,,,,,
2648808469,2/12/2020 15:51,5464417302,2/12/2020 15:41,FALSE,clixsense,1,43842317,PRT,17,Rio Tinto,89.154.144.169,"Mozilla/5.0 (Windows NT 10.0; Win64; x64) AppleWebKit/537.36 (KHTML, like Gecko) Chrome/80.0.3987.100 Safari/537.36",,,,,,,,,Ana,first of may,positive,hire,,,,"I just had a interview with Ana on the first of may and she I got a really positive impression of her, so I think we should hire her",,,,,,,,,Name of person being interviewed,Date of Interview,Feedback,Decision (Hire or No Hire),,,Submit Interview Feedback,,,,,,,,,
2648808469,2/12/2020 16:11,5464453233,2/12/2020 16:06,FALSE,feca,1,45181447,VEN,4,Turmero,201.242.32.40,"Mozilla/5.0 (Windows NT 10.0; Win64; x64) AppleWebKit/537.36 (KHTML, like Gecko) Chrome/80.0.3987.100 Safari/537.36",,,,,,,,,Jason Andrew,Friday 25,Not so much time for work on second job,No Hire,,,,Please send Jason Andrew's interview of Friday 25 where he say that he was not have Not so much time for work on second job we decide no hire,,,,,,,,,Name of person being interviewed,Date of Interview,Feedback,Decision (Hire or No Hire),,,Submit Interview Feedback,,,,,,,,,
2648808469,2/12/2020 16:35,5464504474,2/12/2020 16:27,FALSE,neodev,1,44095272,VEN,25,Caracas,201.243.235.233,"Mozilla/5.0 (Windows NT 6.1) AppleWebKit/537.36 (KHTML, like Gecko) Chrome/73.0.3683.86 Safari/537.36",,,,,,,,,Peter Cetera,june 07th,good knowledge,hire,,,,"Mr. Peter Cetera, in the interview on june 07th, and due your good knowledege, we have decided to hire",,,,,,,,,Name of person being interviewed,Date of Interview,Feedback,Decision (Hire or No Hire),,,Submit Interview Feedback,,,,,,,,,
2648808469,2/12/2020 17:12,5464589340,2/12/2020 16:49,FALSE,neodev,1,43692556,VEN,17,Altagracia,186.93.69.112,"Mozilla/5.0 (Windows NT 10.0; Win64; x64) AppleWebKit/537.36 (KHTML, like Gecko) Chrome/80.0.3987.100 Safari/537.36",,,,,,,,,Jennifer,10-Jan,"smart, charismatic and creative",hire,,,,"I had an interview with Jennifer on january 10 and she is smart, charismatic and creative, I want to hire her",,,,,,,,,Name of person being interviewed,Date of Interview,Feedback,Decision (Hire or No Hire),,,Submit Interview Feedback,,,,,,,,,
2648808469,2/12/2020 17:14,5464592944,2/12/2020 17:11,FALSE,feca,1,45540964,VEN,13,Barquisimeto,190.200.169.133,"Mozilla/5.0 (Windows NT 6.1) AppleWebKit/537.36 (KHTML, like Gecko) Chrome/80.0.3987.100 Safari/537.36",,,,,,,,,Angel Sanchez,12/2/2020,Nice,Hire,,,,"Angel Sanchez, is a nice worker.",,,,,,,,,Name of person being interviewed,Date of Interview,Feedback,Decision (Hire or No Hire),,,Submit Interview Feedback,,,,,,,,,
2648808469,2/12/2020 17:19,5464599668,2/12/2020 17:11,FALSE,clixsense,1,42705218,BIH,1,Zenica,92.36.235.156,"Mozilla/5.0 (Windows NT 6.1) AppleWebKit/537.36 (KHTML, like Gecko) Chrome/79.0.3945.130 Safari/537.36",,,,,,,,,Alex,7/2/2020,bad one,no hire,,,,I want to say that your inerview from 07/02/2020 did not go well and i am sorry to inform you that you are not hired,,,,,,,,,Name of person being interviewed,Date of Interview,Feedback,Decision (Hire or No Hire),,,Submit Interview Feedback,,,,,,,,,
2648808469,2/12/2020 17:23,5464607386,2/12/2020 17:10,FALSE,feca,1,45184645,VEN,15,Agua Fria,190.77.32.238,"Mozilla/5.0 (Windows NT 6.1; Win64; x64) AppleWebKit/537.36 (KHTML, like Gecko) Chrome/79.0.3945.130 Safari/537.36",,,,,,,,,jason,Jan-19,comprenhensive and great knowledge about the field,hire,,,,the interview with jason in january 2019.mark his comprenhensive and great knowledge about the field. i recomend to hire,,,,,,,,,Name of person being interviewed,Date of Interview,Feedback,Decision (Hire or No Hire),,,Submit Interview Feedback,,,,,,,,,
2648808469,2/12/2020 17:24,5464607674,2/12/2020 17:14,FALSE,neodev,1,36985538,VEN,25,Caracas,190.79.136.131,"Mozilla/5.0 (Windows NT 6.1) AppleWebKit/537.36 (KHTML, like Gecko) Chrome/79.0.3945.130 Safari/537.36",,,,,,,,,juan,3/17/2020,"proactive,good experience",contract,,,,Mr juan has benn hire 03/17/2020,,,,,,,,,Name of person being interviewed,Date of Interview,Feedback,Decision (Hire or No Hire),,,Submit Interview Feedback,,,,,,,,,
2648808469,2/12/2020 17:35,5464626865,2/12/2020 17:16,FALSE,clixsense,1,45514232,VEN,25,Caracas,186.90.22.43,"Mozilla/5.0 (Windows NT 6.1) AppleWebKit/537.36 (KHTML, like Gecko) Chrome/80.0.3987.100 Safari/537.36",,,,,,,,,Jon Snow,5th of january,"intelligent, organized",hire,,,,"I had an interwied with Jon Snow the 5th of january and he is intelligent, organized, we will hire him.",,,,,,,,,Name of person being interviewed,Date of Interview,Feedback,Decision (Hire or No Hire),,,Submit Interview Feedback,,,,,,,,,
2648808469,2/12/2020 17:36,5464629189,2/12/2020 17:11,FALSE,feca,1,45186889,VEN,4,Maracay,190.206.36.8,"Mozilla/5.0 (Windows NT 6.1) AppleWebKit/537.36 (KHTML, like Gecko) Chrome/80.0.3987.100 Safari/537.36",,,,,,,,,Mark Thompson,September 14th,effective,Hire him,,,,I want to send comments from the interview with Mark Thompson on September 14th because he approved and I want to hire him because he will be effective,,,,,,,,,Name of person being interviewed,Date of Interview,Feedback,Decision (Hire or No Hire),,,Submit Interview Feedback,,,,,,,,,
2648808469,2/12/2020 17:48,5464654163,2/12/2020 17:44,FALSE,feca,1,45161881,COL,34,Bogota,179.51.101.6,"Mozilla/5.0 (Windows NT 10.0; Win64; x64) AppleWebKit/537.36 (KHTML, like Gecko) Chrome/79.0.3945.130 Safari/537.36",,,,,,,,,henry,4-Jun,work,hire,,,,henry your interview on june 4 on work is hire,,,,,,,,,Name of person being interviewed,Date of Interview,Feedback,Decision (Hire or No Hire),,,Submit Interview Feedback,,,,,,,,,
2648808469,2/12/2020 18:05,5464692143,2/12/2020 17:40,FALSE,neodev,1,44310195,VEN,25,Caracas,190.205.114.74,"Mozilla/5.0 (X11; Linux x86_64) AppleWebKit/537.36 (KHTML, like Gecko) Chrome/79.0.3945.130 Safari/537.36",,,,,,,,,Nancy Mariguitar,september 25th,political nuances of the world,accepted,,,,please send me precise details of the interview with Nancy Mariguitar,,,,,,,,,Name of person being interviewed,Date of Interview,Feedback,Decision (Hire or No Hire),,,Submit Interview Feedback,,,,,,,,,
2648808469,2/12/2020 18:55,5464797879,2/12/2020 18:51,FALSE,neodev,1,44475911,VEN,17,Porlamar,200.82.203.179,"Mozilla/5.0 (Windows NT 6.3; Win64; x64) AppleWebKit/537.36 (KHTML, like Gecko) Chrome/79.0.3945.130 Safari/537.36",,,,,,,,,Raul,1/2/2019,results,hire,,,,"I need the results about the interview made to Raul the date 01/02/2019, will he be hire?",,,,,,,,,Name of person being interviewed,Date of Interview,Feedback,Decision (Hire or No Hire),,,Submit Interview Feedback,,,,,,,,,
2648808470,2/12/2020 14:54,5464324975,2/12/2020 14:41,FALSE,feca,1,45181582,VEN,19,Altagracia,190.201.105.252,"Mozilla/5.0 (Windows NT 6.1) AppleWebKit/537.36 (KHTML, like Gecko) Chrome/79.0.3945.130 Safari/537.36",,,,,,,,,11/2/2020,1 hour,,,,,,check in the calendar if today 11/02/2020 i have a 1 hour consultation?,,,,,,,,,Date of inquiry,Time of inquiry,,,,,Check schedule of interviews (Do I have any interviews today),,,,,,,,,
2648808470,2/12/2020 15:31,5464388224,2/12/2020 15:22,FALSE,feca,1,45189385,VEN,13,Agua Viva,181.208.112.12,"Mozilla/5.0 (Windows NT 6.1; Win64; x64) AppleWebKit/537.36 (KHTML, like Gecko) Chrome/79.0.3945.130 Safari/537.36",,,,,,,,,2/12/2020,1:21 PM,,,,,,do i have an interview today 02/12/2020 at 01:21 pm?,,,,,,,,,Date of inquiry,Time of inquiry,,,,,Check schedule of interviews (Do I have any interviews today),,,,,,,,,
2648808470,2/12/2020 15:32,5464390410,2/12/2020 15:11,FALSE,feca,1,45184645,VEN,15,Agua Fria,190.77.32.238,"Mozilla/5.0 (Windows NT 6.1; Win64; x64) AppleWebKit/537.36 (KHTML, like Gecko) Chrome/79.0.3945.130 Safari/537.36",,,,,,,,,20-Feb,11:15 AM,,,,,,check me my scheduled interviews by february 20 at 11:15 am,,,,,,,,,Date of inquiry,Time of inquiry,,,,,Check schedule of interviews (Do I have any interviews today),,,,,,,,,
2648808470,2/12/2020 15:44,5464408852,2/12/2020 15:34,FALSE,clixsense,1,45514232,VEN,25,Caracas,186.90.22.43,"Mozilla/5.0 (Windows NT 6.1) AppleWebKit/537.36 (KHTML, like Gecko) Chrome/80.0.3987.100 Safari/537.36",,,,,,,,,june 5th,3:00 PM,,,,,,"Hi, I want to check if i have any interviews on june 5th at 3 pm.",,,,,,,,,Date of inquiry,Time of inquiry,,,,,Check schedule of interviews (Do I have any interviews today),,,,,,,,,
2648808470,2/12/2020 15:45,5464410299,2/12/2020 15:30,FALSE,neodev,1,44475911,VEN,17,Porlamar,200.82.203.179,"Mozilla/5.0 (Windows NT 6.3; Win64; x64) AppleWebKit/537.36 (KHTML, like Gecko) Chrome/79.0.3945.130 Safari/537.36",,,,,,,,,1/2/2018,15:00,,,,,,I need to check if i have a requested interview for this day; 01/02/2018 at 15:00,,,,,,,,,Date of inquiry,Time of inquiry,,,,,Check schedule of interviews (Do I have any interviews today),,,,,,,,,
2648808470,2/12/2020 15:53,5464419519,2/12/2020 15:41,FALSE,feca,1,45161396,EGY,11,Cairo,41.68.251.85,"Mozilla/5.0 (Windows NT 6.1; Win64; x64) AppleWebKit/537.36 (KHTML, like Gecko) Chrome/79.0.3945.130 Safari/537.36",,,,,,,,,21st February,10:00 AM,,,,,,Is my interview for 21st February at 10:00 AM still pending or cancelled?,,,,,,,,,Date of inquiry,Time of inquiry,,,,,Check schedule of interviews (Do I have any interviews today),,,,,,,,,
2648808470,2/12/2020 15:57,5464424127,2/12/2020 15:45,FALSE,feca,1,45181447,VEN,4,Turmero,201.242.32.40,"Mozilla/5.0 (Windows NT 10.0; Win64; x64) AppleWebKit/537.36 (KHTML, like Gecko) Chrome/80.0.3987.100 Safari/537.36",,,,,,,,,27-Mar,seven o'clock,,,,,,Do i have a interview in march 27 at seven o'clock,,,,,,,,,Date of inquiry,Time of inquiry,,,,,Check schedule of interviews (Do I have any interviews today),,,,,,,,,
2648808470,2/12/2020 15:57,5464424130,2/12/2020 15:41,FALSE,feca,1,45450822,IND,10,Rohtak,157.36.218.70,"Mozilla/5.0 (Windows NT 6.1) AppleWebKit/537.36 (KHTML, like Gecko) Chrome/80.0.3987.100 Safari/537.36",,,,,,,,,feb 12th,10:00 AM,,,,,,D i have any interview on 12th feb at 10: am,,,,,,,,,Date of inquiry,Time of inquiry,,,,,Check schedule of interviews (Do I have any interviews today),,,,,,,,,
2648808470,2/12/2020 16:22,5464477612,2/12/2020 16:18,FALSE,clixsense,1,42705218,BIH,1,Zenica,92.36.235.156,"Mozilla/5.0 (Windows NT 6.1) AppleWebKit/537.36 (KHTML, like Gecko) Chrome/79.0.3945.130 Safari/537.36",,,,,,,,,3/2/2020,2:00 PM,,,,,,can you tell me do i have any interviews on 03 february around 2 pm,,,,,,,,,Date of inquiry,Time of inquiry,,,,,Check schedule of interviews (Do I have any interviews today),,,,,,,,,
2648808470,2/12/2020 16:22,5464477718,2/12/2020 16:15,FALSE,feca,1,45358800,USA,NJ,Clifton,104.131.66.8,"Mozilla/5.0 (Windows NT 10.0; Win64; x64) AppleWebKit/537.36 (KHTML, like Gecko) Chrome/79.0.3945.130 Safari/537.36",,,,,,,,,12-Feb,1 day,,,,,,what time is my work consultation 1 day february 12,,,,,,,,,Date of inquiry,Time of inquiry,,,,,Check schedule of interviews (Do I have any interviews today),,,,,,,,,
2648808470,2/12/2020 16:23,5464480820,2/12/2020 16:12,FALSE,feca,1,45204515,VEN,19,Altagracia,190.207.85.197,"Mozilla/5.0 (Windows NT 6.1) AppleWebKit/537.36 (KHTML, like Gecko) Chrome/80.0.3987.100 Safari/537.36",,,,,,,,,2/13/2020,30 min,,,,,,the schedule of interview begin the 02/13/2020 and for a period time of 30 min,,,,,,,,,Date of inquiry,Time of inquiry,,,,,Check schedule of interviews (Do I have any interviews today),,,,,,,,,
2648808470,2/12/2020 16:30,5464495370,2/12/2020 16:11,FALSE,neodev,1,45215691,VEN,13,Barquisimeto,190.200.145.229,Mozilla/5.0 (Windows NT 10.0; Win64; x64; rv:73.0) Gecko/20100101 Firefox/73.0,,,,,,,,,20-Apr,3:00 PM,,,,,,Do i have any interview scheduled for April 20 at 3 pm?,,,,,,,,,Date of inquiry,Time of inquiry,,,,,Check schedule of interviews (Do I have any interviews today),,,,,,,,,
2648808470,2/12/2020 17:11,5464586860,2/12/2020 17:07,FALSE,feca,1,45540964,VEN,13,Barquisimeto,190.200.169.133,"Mozilla/5.0 (Windows NT 6.1) AppleWebKit/537.36 (KHTML, like Gecko) Chrome/80.0.3987.100 Safari/537.36",,,,,,,,,11/2/2020,23:00,,,,,,Do i have any interviews work today,,,,,,,,,Date of inquiry,Time of inquiry,,,,,Check schedule of interviews (Do I have any interviews today),,,,,,,,,
2648808470,2/12/2020 17:36,5464629186,2/12/2020 17:11,FALSE,feca,1,45186889,VEN,4,Maracay,190.206.36.8,"Mozilla/5.0 (Windows NT 6.1) AppleWebKit/537.36 (KHTML, like Gecko) Chrome/80.0.3987.100 Safari/537.36",,,,,,,,,May 13th,5 minutes,,,,,,Please show my interview schedule today May 13th in 5 minutes,,,,,,,,,Date of inquiry,Time of inquiry,,,,,Check schedule of interviews (Do I have any interviews today),,,,,,,,,
2648808470,2/12/2020 17:51,5464660540,2/12/2020 17:42,FALSE,neodev,1,43692556,VEN,17,Altagracia,186.93.69.112,"Mozilla/5.0 (Windows NT 10.0; Win64; x64) AppleWebKit/537.36 (KHTML, like Gecko) Chrome/80.0.3987.100 Safari/537.36",,,,,,,,,25-Jan,3pm,,,,,,Do I have any interviews on january 25 at 3pm?,,,,,,,,,Date of inquiry,Time of inquiry,,,,,Check schedule of interviews (Do I have any interviews today),,,,,,,,,
2648808470,2/12/2020 18:18,5464720869,2/12/2020 18:15,FALSE,feca,1,45161881,COL,34,Bogota,179.51.101.2,"Mozilla/5.0 (Windows NT 10.0; Win64; x64) AppleWebKit/537.36 (KHTML, like Gecko) Chrome/79.0.3945.130 Safari/537.36",,,,,,,,,12-Feb,10:00 AM,,,,,,have any interview on feb 12 at 10 am,,,,,,,,,Date of inquiry,Time of inquiry,,,,,Check schedule of interviews (Do I have any interviews today),,,,,,,,,
